{
  "characterHeight": 1.82552,
  "strideNorm": {
    "walk": 0.82168,
    "run": 0.99133,
    "sprint": 2.38058
  }
}
