{
  "characterHeight": 1.5536,
  "strideNorm": {
    "walk": 0.9655,
    "run": 1.16482,
    "sprint": 2.79723
  }
}