{
  "characterHeight": 1.79399,
  "strideNorm": {
    "walk": 0.83613,
    "run": 1.00876,
    "sprint": 2.42242
  }
}
