{
  "characterHeight": 1.56074,
  "strideNorm": {
    "walk": 0.96108,
    "run": 1.15949,
    "sprint": 2.78443
  }
}