{
  "characterHeight": 1.55353,
  "strideNorm": {
    "walk": 0.96554,
    "run": 1.16487,
    "sprint": 2.79735
  }
}