{
  "characterHeight": 1.83556,
  "strideNorm": {
    "walk": 0.81719,
    "run": 0.98591,
    "sprint": 2.36756
  }
}
