{
  "characterHeight": 1.57099,
  "strideNorm": {
    "walk": 0.95481,
    "run": 1.15192,
    "sprint": 2.76626
  }
}