{
  "characterHeight": 1.62796,
  "strideNorm": {
    "walk": 0.9214,
    "run": 1.11164,
    "sprint": 2.66948
  }
}
