{
  "characterHeight": 1.78695,
  "strideNorm": {
    "walk": 0.83942,
    "run": 1.01273,
    "sprint": 2.43197
  }
}
