{
  "characterHeight": 1.55044,
  "strideNorm": {
    "walk": 0.96747,
    "run": 1.16719,
    "sprint": 2.80292
  }
}