{
  "characterHeight": 1.79117,
  "strideNorm": {
    "walk": 0.83744,
    "run": 1.01035,
    "sprint": 2.42624
  }
}
