{
  "characterHeight": 1.79114,
  "strideNorm": {
    "walk": 0.83745,
    "run": 1.01034,
    "sprint": 2.42626
  }
}